mode,episode,episode_reward,max_height,unique_platforms,steps_survived,moving_avg_reward,moving_avg_max_height,epsilon,loss,terminal_reason
train,2426,28.19,0.0,7,3600,28.19,0.0,0.199552,0.2433,timeout
train,2427,2759.9,0.0,36,3600,1394.045,0.0,0.199105,0.236518,timeout
train,2428,4885.63,0.0,48,3600,2557.9067,0.0,0.198657,0.587675,timeout
train,2429,3957.93,0.0,43,3600,2907.9125,0.0,0.198209,0.805369,timeout
train,2430,636.82,0.0,17,3600,2453.694,0.0,0.197761,0.840985,timeout
train,2431,76.73,0.0,7,3600,2057.5333,0.0,0.197314,0.735408,timeout
train,2432,7.11,0.0,5,3600,1764.6157,0.0,0.196866,0.608118,timeout
train,2433,41.24,0.0,6,3600,1549.1937,0.0,0.196418,0.503546,timeout
train,2434,71.51,0.0,7,3600,1385.0067,0.0,0.19597,0.459711,timeout
train,2435,-22.55,0.0,3,3600,1244.251,0.0,0.195523,0.407442,timeout
train,2436,153.15,0.0,9,3600,1145.06,0.0,0.195075,0.380794,timeout
train,2437,303.3,0.0,12,3600,1074.9133,0.0,0.194627,0.34704,timeout
train,2438,201.92,0.0,10,3600,1007.76,0.0,0.194179,0.326744,timeout
train,2439,-59.17,0.0,0,3600,931.5507,0.0,0.193732,0.313256,timeout
train,2440,120.86,0.0,8,3600,877.5047,0.0,0.193284,0.281385,timeout
train,2441,-9.26,0.0,4,3600,822.0819,0.0,0.192836,0.263379,timeout
train,2442,44.1,0.0,6,3600,776.3182,0.0,0.192388,0.246159,timeout
train,2443,-63.94,0.0,1,3600,729.6372,0.0,0.191941,0.242451,timeout
train,2444,-62.56,0.0,1,3600,687.9426,0.0,0.191493,0.234911,timeout
train,2445,-67.66,0.0,0,3600,650.1625,0.0,0.191045,0.214715,timeout
train,2446,2.68,0.0,4,3600,619.33,0.0,0.190597,0.196896,timeout
train,2447,-84.36,0.0,0,3600,587.3441,0.0,0.19015,0.209882,timeout
train,2448,209.69,0.0,10,3600,570.9243,0.0,0.189702,0.183679,timeout
train,2449,-68.31,0.0,0,3600,544.2896,0.0,0.189254,0.173709,timeout
train,2450,-74.66,0.0,0,3600,519.5316,0.0,0.188806,0.166319,timeout
eval,2450,-23.176,0.0,0.6,3600.0,,,0.188806,,evaluation
train,2451,-59.91,0.0,1,3600,497.2454,0.0,0.188359,0.164837,timeout
train,2452,53.07,0.0,6,3600,480.7944,0.0,0.187911,0.165048,timeout
train,2453,165.61,0.0,9,3600,469.5379,0.0,0.187463,0.151141,timeout
train,2454,-74.54,0.0,0,3600,450.7766,0.0,0.187015,0.144336,timeout
train,2455,-17.0,0.0,3,3600,435.184,0.0,0.186568,0.141071,timeout
train,2456,-65.86,0.0,0,3600,419.0213,0.0,0.18612,0.139986,timeout
train,2457,-72.03,0.0,0,3600,403.6759,0.0,0.185672,0.144494,timeout
train,2458,-72.39,0.0,0,3600,389.2497,0.0,0.185224,0.134907,timeout
train,2459,-71.96,0.0,0,3600,375.6847,0.0,0.184777,0.127437,timeout
train,2426,1710.65,0.0,28,3600,1710.65,0.0,0.199552,0.251953,timeout
train,2427,3784.0,0.0,42,3600,2747.325,0.0,0.199105,0.53305,timeout
train,2428,-13.8,0.0,4,3600,1826.95,0.0,0.198657,0.641934,timeout
train,2429,205.27,0.0,10,3600,1421.53,0.0,0.198209,0.455103,timeout
train,2430,-87.65,0.0,0,3600,1119.694,0.0,0.197761,0.378752,timeout
train,2431,-13.93,0.0,3,3600,930.7567,0.0,0.197314,0.331546,timeout
train,2432,644.07,0.0,17,3600,889.8014,0.0,0.196866,0.277238,timeout
train,2433,1261.11,0.0,24,3600,936.215,0.0,0.196418,0.273063,timeout
train,2434,-50.24,0.0,2,3600,826.6089,0.0,0.19597,0.274169,timeout
train,2435,2812.23,0.0,36,3600,1025.171,0.0,0.195523,0.281268,timeout
train,2436,1714.39,0.0,28,3600,1087.8273,0.0,0.195075,0.306497,timeout
train,2437,121.11,0.0,8,3600,1007.2675,0.0,0.194627,0.310161,timeout
train,2438,1275.55,0.0,24,3600,1027.9046,0.0,0.194179,0.315341,timeout
train,2439,-37.4,0.0,3,3600,951.8114,0.0,0.193732,0.303935,timeout
train,2440,367.34,0.0,13,3600,912.8467,0.0,0.193284,0.283976,timeout
train,2441,-42.45,0.0,2,3600,853.1406,0.0,0.192836,0.272037,timeout
train,2442,647.0,0.0,17,3600,841.0147,0.0,0.192388,0.254585,timeout
train,2443,207.53,0.0,10,3600,805.8211,0.0,0.191941,0.249296,timeout
train,2444,19.42,0.0,5,3600,764.4316,0.0,0.191493,0.235499,timeout
train,2445,-74.91,0.0,0,3600,722.4645,0.0,0.191045,0.231837,timeout
train,2446,-77.23,0.0,0,3600,684.3838,0.0,0.190597,0.213399,timeout
train,2447,5940.495,0.0,50,3133,923.298,0.0,0.190208,0.215429,win
train,2448,-11.25,0.0,4,3600,882.6654,0.0,0.18976,0.260055,timeout
train,2449,15.44,0.0,5,3600,846.531,0.0,0.189312,0.272771,timeout
train,2450,567.14,0.0,16,3600,835.3554,0.0,0.188864,0.249921,timeout
eval,2450,164.516,0.0,4.4,3600.0,,,0.188864,,evaluation
train,2451,1719.03,0.0,28,3600,869.3429,0.0,0.188417,0.244537,timeout
train,2452,1850.62,0.0,29,3600,905.6865,0.0,0.187969,0.259641,timeout
train,2453,-82.35,0.0,0,3600,870.3995,0.0,0.187521,0.271515,timeout
train,2454,504.5,0.0,15,3600,857.7822,0.0,0.187073,0.262669,timeout
train,2455,719.57,0.0,18,3600,853.1752,0.0,0.186626,0.256394,timeout
train,2456,2234.35,0.0,32,3600,897.7292,0.0,0.186178,0.260868,timeout
train,2457,2106.04,0.0,31,3600,935.4889,0.0,0.18573,0.269085,timeout
train,2458,5171.02,0.0,49,3600,1063.8383,0.0,0.185282,0.284187,timeout
train,2459,4529.66,0.0,46,3600,1165.7743,0.0,0.184835,0.337057,timeout
train,2460,1282.0,0.0,24,3600,1169.095,0.0,0.184387,0.341747,timeout
train,2461,1388.48,0.0,25,3600,1175.189,0.0,0.183939,0.340229,timeout
train,2462,3790.74,0.0,42,3600,1245.8796,0.0,0.183491,0.33594,timeout
train,2463,-83.71,0.0,0,3600,1210.8904,0.0,0.183044,0.371662,timeout
train,2464,-80.14,0.0,0,3600,1177.7871,0.0,0.182596,0.35626,timeout
train,2465,-58.43,0.0,0,3600,1146.8816,0.0,0.182148,0.338792,timeout
train,2466,2966.43,0.0,37,3600,1191.2609,0.0,0.1817,0.343048,timeout
train,2467,4728.65,0.0,47,3600,1275.4844,0.0,0.181253,0.35456,timeout
train,2468,5175.27,0.0,49,3600,1366.1771,0.0,0.180805,0.378361,timeout
train,2469,2524.35,0.0,34,3600,1392.4992,0.0,0.180357,0.401934,timeout
train,2470,381.52,0.0,13,3600,1370.033,0.0,0.179909,0.407556,timeout
train,2471,2377.41,0.0,33,3600,1391.9325,0.0,0.179462,0.426505,timeout
train,2472,3288.29,0.0,39,3600,1432.2805,0.0,0.179014,0.418675,timeout
train,2473,-73.76,0.0,0,3600,1400.9047,0.0,0.178566,0.40632,timeout
train,2474,-27.47,0.0,3,3600,1371.7542,0.0,0.178118,0.405316,timeout
train,2475,2368.47,0.0,33,3600,1391.6885,0.0,0.177671,0.403614,timeout
eval,2475,-12.91,0.0,0.8,3600.0,,,0.177671,,evaluation
train,2476,-79.92,0.0,0,3600,1355.8771,0.0,0.177223,0.391285,timeout
train,2477,3631.36,0.0,41,3600,1352.8243,0.0,0.176775,0.408119,timeout
train,2478,-67.79,0.0,0,3600,1351.7445,0.0,0.176327,0.398333,timeout
train,2479,50.64,0.0,6,3600,1348.6519,0.0,0.17588,0.385641,timeout
train,2480,98.36,0.0,7,3600,1352.3721,0.0,0.175432,0.391744,timeout
train,2481,3625.8,0.0,41,3600,1425.1667,0.0,0.174984,0.387392,timeout
train,2482,-25.24,0.0,2,3600,1411.7805,0.0,0.174536,0.388135,timeout
train,2483,5184.0,0.0,49,3600,1490.2383,0.0,0.174089,0.384624,timeout
train,2484,5173.44,0.0,49,3600,1594.7119,0.0,0.173641,0.416912,timeout
train,2485,4930.63,0.0,48,3600,1637.0799,0.0,0.173193,0.44147,timeout
train,2486,4931.15,0.0,48,3600,1701.4151,0.0,0.172745,0.462227,timeout
train,2487,5175.78,0.0,49,3600,1802.5085,0.0,0.172298,0.451046,timeout
train,2488,4922.25,0.0,48,3600,1875.4425,0.0,0.17185,0.475603,timeout
train,2489,5181.19,0.0,49,3600,1979.8143,0.0,0.171402,0.480114,timeout
train,2490,5945.655,0.0,50,2685,2091.3806,0.0,0.171068,0.496821,win
train,2491,5176.16,0.0,49,3600,2195.7528,0.0,0.17062,0.52393,timeout
train,2492,1611.05,0.0,27,3600,2215.0338,0.0,0.170173,0.52412,timeout
train,2493,4924.82,0.0,48,3600,2309.3796,0.0,0.169725,0.524302,timeout
train,2494,5174.7,0.0,49,3600,2412.4852,0.0,0.169277,0.547727,timeout
train,2495,5176.13,0.0,49,3600,2517.506,0.0,0.168829,0.556394,timeout
train,2496,5184.85,0.0,49,3600,2622.7476,0.0,0.168382,0.561145,timeout
train,2497,5943.27,0.0,50,2818,2622.8031,0.0,0.168031,0.619112,win
train,2498,4730.34,0.0,47,3600,2717.6349,0.0,0.167583,0.609607,timeout
train,2499,4928.18,0.0,48,3600,2815.8897,0.0,0.167136,0.634645,timeout
train,2500,5174.94,0.0,49,3600,2908.0457,0.0,0.166688,0.61252,timeout
eval,2500,-17.908,0.0,1.0,3600.0,,,0.166688,,evaluation
train,2501,5178.21,0.0,49,3600,2977.2293,0.0,0.16624,0.635596,timeout
train,2502,3128.48,0.0,38,3600,3002.7865,0.0,0.165792,0.653529,timeout
train,2503,1277.32,0.0,24,3600,3029.9799,0.0,0.165345,0.650582,timeout
train,2504,3977.26,0.0,43,3600,3099.4351,0.0,0.164897,0.616594,timeout
train,2505,2374.62,0.0,33,3600,3132.5361,0.0,0.164449,0.653642,timeout
train,2506,659.55,0.0,17,3600,3101.0401,0.0,0.164001,0.639345,timeout
train,2507,4926.07,0.0,48,3600,3157.4407,0.0,0.163554,0.668654,timeout
train,2508,383.79,0.0,13,3600,3061.6961,0.0,0.163106,0.618322,timeout
train,2509,3972.79,0.0,43,3600,3050.5587,0.0,0.162658,0.62527,timeout
train,2510,5182.79,0.0,49,3600,3128.5745,0.0,0.16221,0.68242,timeout
train,2511,5188.01,0.0,49,3600,3204.5651,0.0,0.161763,0.667951,timeout
train,2512,-72.86,0.0,0,3600,3127.2931,0.0,0.161315,0.664652,timeout
train,2513,5185.82,0.0,49,3600,3232.6837,0.0,0.160867,0.674948,timeout
train,2514,3294.91,0.0,39,3600,3300.1847,0.0,0.160419,0.709151,timeout
train,2515,4930.96,0.0,48,3600,3399.9725,0.0,0.159972,0.697008,timeout
train,2516,5175.32,0.0,49,3600,3444.1503,0.0,0.159524,0.706167,timeout
train,2517,5179.42,0.0,49,3600,3453.1657,0.0,0.159076,0.749009,timeout
train,2518,5180.0,0.0,49,3600,3453.2603,0.0,0.158628,0.752267,timeout
train,2519,-2.68,0.0,4,3600,3402.7197,0.0,0.158181,0.751488,timeout
train,2520,2098.07,0.0,31,3600,3437.0507,0.0,0.157733,0.748368,timeout
train,2521,2525.21,0.0,34,3600,3440.0067,0.0,0.157285,0.750202,timeout
train,2522,5937.05,0.0,50,3280,3492.9819,0.0,0.156877,0.75435,win
train,2523,-37.89,0.0,2,3600,3493.6993,0.0,0.15643,0.763691,timeout
train,2524,1857.12,0.0,29,3600,3531.3911,0.0,0.155982,0.766988,timeout
train,2525,5172.45,0.0,49,3600,3587.4707,0.0,0.155534,0.780047,timeout
eval,2525,3975.502,0.0,38.4,3600.0,,,0.155534,,evaluation
train,2526,5182.46,0.0,49,3600,3692.7183,0.0,0.155086,0.808613,timeout
train,2527,4915.3,0.0,48,3600,3718.3971,0.0,0.154639,0.818614,timeout
train,2528,5170.45,0.0,49,3600,3823.1619,0.0,0.154191,0.841113,timeout
train,2529,5164.21,0.0,49,3600,3925.4333,0.0,0.153743,0.851079,timeout
train,2530,3461.51,0.0,40,3600,3992.6963,0.0,0.153295,0.886375,timeout
train,2531,1166.86,0.0,22,3600,3943.5175,0.0,0.152848,0.853119,timeout
train,2532,4348.21,0.0,45,3600,4030.9865,0.0,0.1524,0.863231,timeout
train,2533,5171.92,0.0,49,3600,4030.7449,0.0,0.151952,0.876249,timeout
train,2534,5172.21,0.0,49,3600,4030.7203,0.0,0.151504,0.901531,timeout
train,2535,5178.22,0.0,49,3600,4035.6721,0.0,0.151057,0.911548,timeout
train,2536,2379.43,0.0,33,3600,3984.6377,0.0,0.150609,0.902626,timeout
train,2537,2798.02,0.0,35,3600,3937.0825,0.0,0.150161,0.94285,timeout
train,2538,4340.83,0.0,45,3600,3925.4541,0.0,0.149713,0.924644,timeout
train,2539,4159.0,0.0,44,3600,3905.0103,0.0,0.149266,0.957412,timeout
train,2540,4541.14,0.0,46,3600,3876.92,0.0,0.148818,0.909343,timeout
train,2541,4729.63,0.0,47,3600,3867.9894,0.0,0.14837,0.958938,timeout
train,2542,3978.8,0.0,43,3600,3915.3444,0.0,0.147922,0.946532,timeout
train,2543,5940.11,0.0,50,3020,3935.6502,0.0,0.147547,0.945329,win
train,2544,3624.12,0.0,41,3600,3904.6386,0.0,0.147099,0.966291,timeout
train,2545,3798.35,0.0,42,3600,3877.083,0.0,0.146651,0.98097,timeout
train,2546,4309.01,0.0,44,3600,3859.5662,0.0,0.146203,0.976343,timeout
train,2547,5946.875,0.0,50,2713,3859.6383,0.0,0.145866,0.956912,win
train,2548,5165.07,0.0,49,3600,3868.3329,0.0,0.145418,1.038888,timeout
train,2549,3787.41,0.0,42,3600,3845.5175,0.0,0.144971,1.046913,timeout
train,2550,4515.2,0.0,46,3600,3832.3227,0.0,0.144523,1.06304,timeout
eval,2550,480.6,0.0,9.6,3600.0,,,0.144523,,evaluation
train,2551,2229.21,0.0,32,3600,3773.3427,0.0,0.144075,1.066704,timeout
train,2552,53.6,0.0,6,3600,3711.8451,0.0,0.143627,1.045286,timeout
train,2553,-61.12,0.0,0,3600,3685.0763,0.0,0.14318,1.033859,timeout
train,2554,-54.03,0.0,1,3600,3604.4505,0.0,0.142732,1.031722,timeout
train,2555,-2.83,0.0,4,3600,3556.9015,0.0,0.142284,1.056858,timeout
train,2556,46.46,0.0,6,3600,3544.6397,0.0,0.141836,1.004644,timeout
train,2557,13.76,0.0,5,3600,3446.3935,0.0,0.141389,1.029853,timeout
train,2558,84.57,0.0,7,3600,3440.4091,0.0,0.140941,1.015368,timeout
train,2559,811.97,0.0,19,3600,3377.1927,0.0,0.140493,1.021536,timeout
train,2560,168.78,0.0,9,3600,3276.9125,0.0,0.140045,1.010633,timeout
train,2561,318.75,0.0,12,3600,3179.5273,0.0,0.139598,1.008831,timeout
train,2562,1175.15,0.0,23,3600,3204.4875,0.0,0.13915,0.99378,timeout
train,2563,-18.09,0.0,3,3600,3100.4093,0.0,0.138702,1.046559,timeout
train,2564,2519.94,0.0,34,3600,3084.9099,0.0,0.138254,1.005431,timeout
train,2565,-34.83,0.0,2,3600,2985.5941,0.0,0.137807,0.994522,timeout
train,2566,0.41,0.0,4,3600,2882.0959,0.0,0.137359,0.987231,timeout
train,2567,-69.82,0.0,0,3600,2777.1111,0.0,0.136911,1.022779,timeout
train,2568,5.79,0.0,4,3600,2673.6269,0.0,0.136463,0.949599,timeout
train,2569,-20.04,0.0,3,3600,2673.2797,0.0,0.136016,0.943787,timeout
train,2570,132.8,0.0,8,3600,2633.9743,0.0,0.135568,0.918088,timeout
train,2571,-17.02,0.0,3,3600,2583.1297,0.0,0.13512,0.886248,timeout
train,2572,-54.62,0.0,0,3600,2463.2963,0.0,0.134672,0.900727,timeout
train,2573,328.27,0.0,12,3600,2470.6195,0.0,0.134225,0.860383,timeout
train,2574,334.25,0.0,12,3600,2440.1621,0.0,0.133777,0.870062,timeout
train,2575,-26.98,0.0,2,3600,2336.1735,0.0,0.133329,0.827959,timeout
eval,2575,37.732,0.0,3.8,3600.0,,,0.133329,,evaluation
train,2576,59.28,0.0,6,3600,2233.7099,0.0,0.132881,0.805627,timeout
train,2577,57.95,0.0,6,3600,2136.5629,0.0,0.132434,0.814081,timeout
train,2578,-60.0,0.0,0,3600,2031.9539,0.0,0.131986,0.820789,timeout
train,2579,-57.21,0.0,0,3600,1927.5255,0.0,0.131538,0.792332,timeout
train,2580,134.03,0.0,8,3600,1860.9759,0.0,0.13109,0.759697,timeout
train,2581,-58.47,0.0,0,3600,1836.4693,0.0,0.130643,0.728072,timeout
train,2582,94.87,0.0,7,3600,1751.4025,0.0,0.130195,0.726261,timeout
train,2583,-30.16,0.0,2,3600,1647.3609,0.0,0.129747,0.688273,timeout
train,2584,452.18,0.0,14,3600,1552.9603,0.0,0.129299,0.69699,timeout
train,2585,3457.56,0.0,40,3600,1518.5471,0.0,0.128852,0.69631,timeout
train,2586,265.93,0.0,11,3600,1476.2771,0.0,0.128404,0.663868,timeout
train,2587,995.15,0.0,21,3600,1440.2197,0.0,0.127956,0.647874,timeout
train,2588,1296.2,0.0,24,3600,1379.3271,0.0,0.127508,0.662256,timeout
train,2589,820.17,0.0,19,3600,1312.5505,0.0,0.127061,0.670327,timeout
train,2590,96.68,0.0,7,3600,1223.6613,0.0,0.126613,0.645986,timeout
train,2591,107.08,0.0,7,3600,1131.2103,0.0,0.126165,0.648885,timeout
train,2592,-10.34,0.0,3,3600,1051.4275,0.0,0.125717,0.63834,timeout
train,2593,-28.24,0.0,2,3600,932.0605,0.0,0.12527,0.628176,timeout
train,2594,587.1,0.0,16,3600,871.3201,0.0,0.124822,0.589966,timeout
train,2595,1083.96,0.0,22,3600,817.0323,0.0,0.124374,0.600244,timeout
train,2596,229.64,0.0,10,3600,735.4449,0.0,0.123926,0.596665,timeout
train,2597,-11.06,0.0,3,3600,616.2862,0.0,0.123479,0.60276,timeout
train,2598,100.36,0.0,7,3600,514.992,0.0,0.123031,0.571638,timeout
train,2599,1087.52,0.0,22,3600,460.9942,0.0,0.122583,0.559842,timeout
train,2600,-5.32,0.0,3,3600,370.5838,0.0,0.122135,0.555163,timeout
eval,2600,-10.588,0.0,0.6,3600.0,,,0.122135,,evaluation
train,2601,2525.7,0.0,34,3600,376.5136,0.0,0.121688,0.549104,timeout
train,2602,729.54,0.0,18,3600,390.0324,0.0,0.12124,0.541746,timeout
train,2603,519.3,0.0,15,3600,401.6408,0.0,0.120792,0.496826,timeout
train,2604,71.2,0.0,6,3600,404.1454,0.0,0.120344,0.519035,timeout
train,2605,41.99,0.0,5,3600,405.0418,0.0,0.119897,0.511295,timeout
train,2606,67.26,0.0,6,3600,405.4578,0.0,0.119449,0.504786,timeout
train,2607,284.86,0.0,11,3600,410.8798,0.0,0.119001,0.472109,timeout
train,2608,2982.94,0.0,37,3600,468.8472,0.0,0.118553,0.488387,timeout
train,2609,3139.46,0.0,38,3600,515.397,0.0,0.118106,0.491227,timeout
train,2610,2120.02,0.0,31,3600,554.4218,0.0,0.117658,0.459171,timeout
train,2611,2677.81,0.0,35,3600,601.603,0.0,0.11721,0.482264,timeout
train,2612,4943.63,0.0,48,3600,676.9726,0.0,0.116762,0.463209,timeout
train,2613,734.05,0.0,18,3600,692.0154,0.0,0.116315,0.448647,timeout
train,2614,70.22,0.0,6,3600,643.021,0.0,0.115867,0.459038,timeout
train,2615,3811.3,0.0,42,3600,719.9436,0.0,0.115419,0.443261,timeout
train,2616,4941.27,0.0,48,3600,818.7608,0.0,0.114971,0.439267,timeout
train,2617,3298.23,0.0,39,3600,886.1218,0.0,0.114524,0.443969,timeout
train,2618,913.18,0.0,20,3600,904.2696,0.0,0.114076,0.438422,timeout
train,2619,-57.87,0.0,0,3600,903.513,0.0,0.113628,0.420828,timeout
train,2620,997.82,0.0,21,3600,920.8134,0.0,0.11318,0.401675,timeout
train,2621,70.97,0.0,6,3600,922.5732,0.0,0.112733,0.394236,timeout
train,2622,0.74,0.0,3,3600,923.6804,0.0,0.112285,0.384588,timeout
train,2623,5950.655,0.0,50,3441,1036.1281,0.0,0.111857,0.360423,win
train,2624,1619.32,0.0,27,3600,1061.8295,0.0,0.111409,0.387286,timeout
train,2625,1740.52,0.0,28,3600,1097.1795,0.0,0.110961,0.366709,timeout
eval,2625,-53.742,0.0,0.0,3600.0,,,0.110961,,evaluation
train,2626,4359.52,0.0,45,3600,1183.1843,0.0,0.110514,0.357886,timeout
train,2627,2392.66,0.0,33,3600,1229.8785,0.0,0.110066,0.352678,timeout
train,2628,5951.2,0.0,50,3572,1350.1025,0.0,0.109622,0.337375,win
train,2629,46.11,0.0,5,3600,1352.1689,0.0,0.109174,0.339583,timeout
train,2630,-22.29,0.0,2,3600,1349.0425,0.0,0.108726,0.328474,timeout
train,2631,5953.17,0.0,50,3182,1469.2753,0.0,0.10833,0.310445,win
train,2632,74.49,0.0,6,3600,1468.8677,0.0,0.107883,0.319999,timeout
train,2633,-42.88,0.0,0,3600,1468.6133,0.0,0.107435,0.311053,timeout
train,2634,112.06,0.0,7,3600,1461.8109,0.0,0.106987,0.293682,timeout
train,2635,590.7,0.0,16,3600,1404.4737,0.0,0.106539,0.281313,timeout
train,2636,2981.54,0.0,37,3600,1458.7859,0.0,0.106092,0.281508,timeout
train,2637,5189.6,0.0,49,3600,1542.6749,0.0,0.105644,0.31615,timeout
train,2638,-57.42,0.0,0,3600,1515.6025,0.0,0.105196,0.313736,timeout
train,2639,-59.71,0.0,0,3600,1498.0049,0.0,0.104748,0.335151,timeout
train,2640,4177.83,0.0,44,3600,1579.6279,0.0,0.104301,0.322219,timeout
train,2641,523.61,0.0,15,3600,1587.9585,0.0,0.103853,0.329501,timeout
train,2642,4363.68,0.0,45,3600,1675.4389,0.0,0.103405,0.332155,timeout
train,2643,746.83,0.0,18,3600,1690.9403,0.0,0.102957,0.356922,timeout
train,2644,1196.33,0.0,23,3600,1703.1249,0.0,0.10251,0.34534,timeout
train,2645,908.59,0.0,20,3600,1699.6175,0.0,0.102062,0.34588,timeout
train,2646,41.6,0.0,5,3600,1695.8567,0.0,0.101614,0.348587,timeout
train,2647,2987.84,0.0,37,3600,1755.8347,0.0,0.101166,0.351033,timeout
train,2648,4169.43,0.0,44,3600,1837.2161,0.0,0.100719,0.369194,timeout
train,2649,335.04,0.0,12,3600,1822.1665,0.0,0.100271,0.377409,timeout
train,2650,1192.26,0.0,23,3600,1846.1181,0.0,0.099823,0.385876,timeout
eval,2650,3.9,0.0,1.6,3600.0,,,0.099823,,evaluation
train,2651,591.14,0.0,16,3600,1807.4269,0.0,0.099375,0.38817,timeout
train,2652,229.79,0.0,10,3600,1797.4319,0.0,0.098928,0.388664,timeout
train,2653,5953.085,0.0,50,3583,1906.1076,0.0,0.098482,0.396391,win
train,2654,1298.83,0.0,24,3600,1930.6602,0.0,0.098034,0.429733,timeout
train,2655,2818.91,0.0,36,3600,1986.1986,0.0,0.097586,0.427836,timeout
train,2656,393.64,0.0,13,3600,1992.7262,0.0,0.097139,0.456969,timeout
train,2657,898.63,0.0,20,3600,2005.0016,0.0,0.096691,0.442196,timeout
train,2658,13.02,0.0,4,3600,1945.6032,0.0,0.096243,0.456457,timeout
train,2659,1388.7,0.0,25,3600,1910.588,0.0,0.095795,0.465428,timeout
train,2660,-54.14,0.0,1,3600,1867.1048,0.0,0.095348,0.472378,timeout
train,2661,15.47,0.0,4,3600,1813.858,0.0,0.0949,0.478282,timeout
train,2662,287.84,0.0,11,3600,1720.7422,0.0,0.094452,0.480395,timeout
train,2663,23.0,0.0,5,3600,1706.5212,0.0,0.094004,0.499645,timeout
train,2664,0.54,0.0,5,3600,1705.1276,0.0,0.093557,0.491576,timeout
train,2665,-4.77,0.0,4,3600,1628.8062,0.0,0.093109,0.510903,timeout
train,2666,1275.25,0.0,24,3600,1555.4858,0.0,0.092661,0.528568,timeout
train,2667,-80.44,0.0,0,3600,1487.9124,0.0,0.092213,0.524556,timeout
train,2668,246.03,0.0,11,3600,1474.5694,0.0,0.091766,0.531401,timeout
train,2669,-46.32,0.0,0,3600,1474.8004,0.0,0.091318,0.514039,timeout
train,2670,311.1,0.0,12,3600,1461.066,0.0,0.09087,0.501537,timeout
train,2671,23.45,0.0,4,3600,1460.1156,0.0,0.090422,0.493,timeout
train,2672,265.2,0.0,11,3600,1465.4048,0.0,0.089975,0.500935,timeout
train,2673,269.11,0.0,11,3600,1351.7739,0.0,0.089527,0.490979,timeout
train,2674,235.28,0.0,10,3600,1324.0931,0.0,0.089079,0.473972,timeout
train,2675,1992.27,0.0,30,3600,1329.1281,0.0,0.088631,0.469349,timeout
eval,2675,-17.6,0.0,0.6,3600.0,,,0.088631,,evaluation
train,2676,134.57,0.0,8,3600,1244.6291,0.0,0.088184,0.476632,timeout
train,2677,525.06,0.0,15,3600,1207.2771,0.0,0.087736,0.476931,timeout
train,2678,895.2,0.0,20,3600,1106.1571,0.0,0.087288,0.455036,timeout
train,2679,748.47,0.0,18,3600,1120.2043,0.0,0.08684,0.48086,timeout
train,2680,1740.84,0.0,28,3600,1155.4669,0.0,0.086393,0.472293,timeout
train,2681,147.69,0.0,8,3600,1039.3573,0.0,0.085945,0.473785,timeout
train,2682,752.0,0.0,18,3600,1052.9075,0.0,0.085497,0.472804,timeout
train,2683,753.17,0.0,18,3600,1068.8285,0.0,0.085049,0.443668,timeout
train,2684,918.41,0.0,20,3600,1084.9555,0.0,0.084602,0.448742,timeout
train,2685,180.7,0.0,9,3600,1076.7555,0.0,0.084154,0.440691,timeout
train,2686,8.8,0.0,3,3600,1017.3007,0.0,0.083706,0.423981,timeout
train,2687,-127.55,0.0,0,3600,910.9577,0.0,0.083258,0.438617,timeout
train,2688,2843.66,0.0,36,3600,968.9793,0.0,0.082811,0.445638,timeout
train,2689,2257.29,0.0,32,3600,1015.3193,0.0,0.082363,0.433984,timeout
train,2690,1395.88,0.0,25,3600,959.6803,0.0,0.081915,0.431558,timeout
train,2691,75.97,0.0,6,3600,950.7275,0.0,0.081467,0.456851,timeout
train,2692,4366.8,0.0,45,3600,950.7899,0.0,0.08102,0.439733,timeout
train,2693,462.87,0.0,14,3600,945.1107,0.0,0.080572,0.448331,timeout
train,2694,1874.22,0.0,29,3600,958.6685,0.0,0.080124,0.44846,timeout
train,2695,2839.54,0.0,36,3600,997.2875,0.0,0.079676,0.436929,timeout
train,2696,911.54,0.0,20,3600,1014.6863,0.0,0.079229,0.448627,timeout
train,2697,2522.54,0.0,33,3600,1005.3803,0.0,0.078781,0.450745,timeout
train,2698,2995.37,0.0,37,3600,981.8991,0.0,0.078333,0.438117,timeout
train,2699,321.09,0.0,11,3600,981.6201,0.0,0.077885,0.447458,timeout
train,2700,2391.04,0.0,33,3600,1005.5957,0.0,0.077438,0.431529,timeout
eval,2700,-25.124,0.0,0.0,3600.0,,,0.077438,,evaluation
train,2701,-69.61,0.0,0,3600,992.3807,0.0,0.07699,0.420001,timeout
train,2702,2984.76,0.0,37,3600,1047.4801,0.0,0.076542,0.432551,timeout
train,2703,29.64,0.0,4,3600,929.0112,0.0,0.076094,0.450189,timeout
train,2704,467.55,0.0,14,3600,912.3856,0.0,0.075647,0.402752,timeout
train,2705,69.96,0.0,6,3600,857.4066,0.0,0.075199,0.423084,timeout
train,2706,48.12,0.0,5,3600,850.4962,0.0,0.074751,0.378666,timeout
train,2707,51.8,0.0,5,3600,833.5596,0.0,0.074303,0.397006,timeout
train,2708,22.02,0.0,4,3600,833.7396,0.0,0.073856,0.371188,timeout
train,2709,-28.72,0.0,2,3600,805.3912,0.0,0.073408,0.375077,timeout
train,2710,43.68,0.0,5,3600,807.3476,0.0,0.07296,0.375841,timeout
train,2711,-3.2,0.0,3,3600,806.9742,0.0,0.072512,0.355259,timeout
train,2712,47.46,0.0,5,3600,802.1666,0.0,0.072065,0.34021,timeout
train,2713,-14.4,0.0,2,3600,801.4186,0.0,0.071617,0.343436,timeout
train,2714,103.63,0.0,7,3600,803.4804,0.0,0.071169,0.336092,timeout
train,2715,113.9,0.0,7,3600,805.8538,0.0,0.070721,0.3373,timeout
train,2716,45.67,0.0,5,3600,781.2622,0.0,0.070274,0.347356,timeout
train,2717,-41.56,0.0,0,3600,782.0398,0.0,0.069826,0.340089,timeout
train,2718,47.11,0.0,5,3600,778.0614,0.0,0.069378,0.348184,timeout
train,2719,72.52,0.0,6,3600,780.4382,0.0,0.06893,0.343805,timeout
train,2720,23.63,0.0,4,3600,774.6888,0.0,0.068483,0.356734,timeout
train,2721,-40.57,0.0,0,3600,773.4084,0.0,0.068035,0.332115,timeout
train,2722,-51.38,0.0,0,3600,767.0768,0.0,0.067587,0.304966,timeout
train,2723,-28.51,0.0,1,3600,761.1244,0.0,0.067139,0.297998,timeout
train,2724,-0.33,0.0,3,3600,756.4122,0.0,0.066692,0.285845,timeout
train,2725,-33.33,0.0,1,3600,715.9002,0.0,0.066244,0.273478,timeout
eval,2725,-41.826,0.0,0.4,3600.0,,,0.066244,,evaluation
train,2726,-26.0,0.0,1,3600,712.6888,0.0,0.065796,0.259935,timeout
train,2727,-14.6,0.0,2,3600,701.8956,0.0,0.065348,0.258023,timeout
train,2728,-44.85,0.0,0,3600,683.0946,0.0,0.064901,0.247622,timeout
train,2729,-23.68,0.0,2,3600,667.6516,0.0,0.064453,0.224363,timeout
train,2730,-22.73,0.0,2,3600,632.3802,0.0,0.064005,0.233108,timeout
train,2731,-56.23,0.0,0,3600,628.3018,0.0,0.063557,0.221086,timeout
train,2732,-18.55,0.0,2,3600,612.8908,0.0,0.06311,0.218785,timeout
train,2733,-38.36,0.0,0,3600,597.0602,0.0,0.062662,0.206185,timeout
train,2734,-23.53,0.0,2,3600,578.2214,0.0,0.062214,0.196729,timeout
train,2735,6.26,0.0,3,3600,574.7326,0.0,0.061766,0.199356,timeout
train,2736,53.17,0.0,5,3600,575.62,0.0,0.061319,0.202292,timeout
train,2737,-31.64,0.0,1,3600,577.5382,0.0,0.060871,0.184901,timeout
train,2738,-14.13,0.0,2,3600,520.3824,0.0,0.060423,0.171487,timeout
train,2739,54.4,0.0,5,3600,476.3246,0.0,0.059975,0.161553,timeout
train,2740,-34.45,0.0,0,3600,447.718,0.0,0.059528,0.156626,timeout
train,2741,28.8,0.0,4,3600,446.7746,0.0,0.05908,0.159423,timeout
train,2742,29.58,0.0,4,3600,360.0302,0.0,0.058632,0.160707,timeout
train,2743,4.7,0.0,3,3600,350.8668,0.0,0.058184,0.147682,timeout
train,2744,26.54,0.0,4,3600,313.9132,0.0,0.057737,0.140894,timeout
train,2745,-0.89,0.0,3,3600,257.1046,0.0,0.057289,0.156022,timeout
train,2746,-37.77,0.0,0,3600,238.1184,0.0,0.056841,0.155378,timeout
train,2747,-36.8,0.0,0,3600,186.9316,0.0,0.056393,0.145678,timeout
train,2748,29.42,0.0,4,3600,127.6126,0.0,0.055946,0.146228,timeout
train,2749,85.45,0.0,6,3600,122.8998,0.0,0.055498,0.155544,timeout
train,2750,-23.21,0.0,1,3600,74.6148,0.0,0.05505,0.147121,timeout
eval,2750,-18.944,0.0,0.0,3600.0,,,0.05505,,evaluation
train,2751,-24.81,0.0,1,3600,75.5108,0.0,0.054602,0.145835,timeout
train,2752,-36.68,0.0,0,3600,15.082,0.0,0.054155,0.141516,timeout
train,2753,126.49,0.0,7,3600,17.019,0.0,0.053707,0.133197,timeout
train,2754,531.25,0.0,15,3600,18.293,0.0,0.053259,0.139665,timeout
train,2755,91.34,0.0,6,3600,18.7206,0.0,0.052811,0.138983,timeout
train,2756,-25.09,0.0,1,3600,17.2564,0.0,0.052364,0.155015,timeout
train,2757,-22.44,0.0,1,3600,15.7716,0.0,0.051916,0.150459,timeout
train,2758,-37.06,0.0,0,3600,14.59,0.0,0.051468,0.144764,timeout
train,2759,-16.27,0.0,1,3600,14.839,0.0,0.05102,0.13854,timeout
train,2760,-19.84,0.0,1,3600,13.5686,0.0,0.050573,0.140425,timeout
train,2761,-7.09,0.0,2,3600,13.4908,0.0,0.050125,0.132863,timeout
train,2762,6.54,0.0,3,3600,12.6724,0.0,0.049677,0.126945,timeout
train,2763,120.53,0.0,7,3600,15.371,0.0,0.049229,0.128022,timeout
train,2764,-21.84,0.0,1,3600,12.8616,0.0,0.048782,0.126081,timeout
train,2765,118.2,0.0,7,3600,12.9476,0.0,0.048334,0.131753,timeout
train,2766,-5.82,0.0,2,3600,11.9178,0.0,0.047886,0.116891,timeout
train,2767,-54.43,0.0,0,3600,11.6604,0.0,0.047438,0.117155,timeout
train,2768,31.66,0.0,4,3600,11.3514,0.0,0.046991,0.103329,timeout
train,2769,56.31,0.0,5,3600,11.0272,0.0,0.046543,0.110919,timeout
train,2770,-7.67,0.0,2,3600,10.4012,0.0,0.046095,0.112347,timeout
train,2771,-8.87,0.0,2,3600,11.0352,0.0,0.045647,0.10638,timeout
train,2772,-21.4,0.0,1,3600,11.6348,0.0,0.0452,0.112381,timeout
train,2773,-25.93,0.0,1,3600,11.6864,0.0,0.044752,0.095691,timeout
train,2774,11.37,0.0,3,3600,11.9204,0.0,0.044304,0.091531,timeout
train,2775,-20.71,0.0,1,3600,12.1728,0.0,0.043856,0.096499,timeout
eval,2775,-14.482,0.0,0.4,3600.0,,,0.043856,,evaluation
train,2776,-20.45,0.0,1,3600,12.2838,0.0,0.043409,0.078432,timeout
train,2777,-5.03,0.0,2,3600,12.4752,0.0,0.042961,0.07482,timeout
train,2778,31.01,0.0,4,3600,13.9924,0.0,0.042513,0.072532,timeout
train,2779,34.34,0.0,4,3600,15.1528,0.0,0.042065,0.061739,timeout
train,2780,12.96,0.0,3,3600,15.8666,0.0,0.041618,0.050369,timeout
train,2781,-22.73,0.0,1,3600,16.5366,0.0,0.04117,0.046833,timeout
train,2782,-31.81,0.0,0,3600,16.2714,0.0,0.040722,0.040832,timeout
train,2783,201.51,0.0,9,3600,21.0688,0.0,0.040274,0.03886,timeout
train,2784,92.66,0.0,6,3600,23.3926,0.0,0.039827,0.02964,timeout
train,2785,-27.47,0.0,1,3600,22.718,0.0,0.039379,0.026321,timeout
train,2786,-10.98,0.0,2,3600,21.435,0.0,0.038931,0.018404,timeout
train,2787,88.61,0.0,6,3600,23.84,0.0,0.038483,0.017779,timeout
train,2788,-9.4,0.0,2,3600,23.9346,0.0,0.038036,0.017443,timeout
train,2789,-9.04,0.0,2,3600,22.6658,0.0,0.037588,0.015323,timeout
train,2790,-4.92,0.0,2,3600,23.2564,0.0,0.03714,0.016523,timeout
train,2791,-24.38,0.0,1,3600,22.1928,0.0,0.036692,0.014721,timeout
train,2792,161.95,0.0,8,3600,24.8402,0.0,0.036245,0.016955,timeout
train,2793,164.72,0.0,8,3600,28.0406,0.0,0.035797,0.016178,timeout
train,2794,86.82,0.0,6,3600,29.2462,0.0,0.035349,0.016326,timeout
train,2795,301.14,0.0,11,3600,35.2868,0.0,0.034901,0.016506,timeout
train,2796,-33.9,0.0,0,3600,35.3642,0.0,0.034454,0.017014,timeout
train,2797,91.37,0.0,6,3600,37.9276,0.0,0.034006,0.017259,timeout
train,2798,38.36,0.0,4,3600,38.1064,0.0,0.033558,0.017546,timeout
train,2799,62.19,0.0,5,3600,37.6412,0.0,0.03311,0.016685,timeout
train,2800,127.41,0.0,7,3600,40.6536,0.0,0.032663,0.01699,timeout
eval,2800,-18.568,0.0,0.0,3600.0,,,0.032663,,evaluation
